{
  "timestamp": "20251219_123910",
  "summary": {
    "cnn_top_class": 8,
    "cnn_top_label": "Bag",
    "final_class": 3,
    "final_label": "Dress",
    "creativity": 1.0,
    "style_text": "élégant"
  },
  "cnn_probabilities": {
    "0": 0.09497138112783432,
    "1": 0.11262498050928116,
    "2": 0.13226743042469025,
    "3": 0.0765361562371254,
    "4": 0.08307980746030807,
    "5": 0.05218794569373131,
    "6": 0.1357211470603943,
    "7": 0.05462295934557915,
    "8": 0.17477886378765106,
    "9": 0.08320926874876022
  },
  "fused_scores": {
    "0": 0.05263157933950424,
    "1": 0.05263157933950424,
    "2": 0.05263157933950424,
    "3": 0.21052631735801697,
    "4": 0.21052631735801697,
    "5": 0.05263157933950424,
    "6": 0.05263157933950424,
    "7": 0.05263157933950424,
    "8": 0.05263157933950424,
    "9": 0.21052631735801697
  },
  "files": {
    "analysis_text": "results_trm\\analysis_20251219_123910.txt",
    "user_image": "results_trm\\user_image_20251219_123910.png",
    "generated_image": "results_trm\\trm_generated_20251219_123910.png"
  }
}